url,name,brand,price,rating,description
https://reviews.femaledaily.com/products/moisturizer/gel/skintific/5x-ceramide-barrier-repair-moisture-gel-moisturizer,5X Ceramide Barrier Repair Moisture Gel Moisturizer,Skintific,,4.6,"DESCRIPTION Menggabungkan 3 kandungan aktif Ceramide, Hyaluronic Acid, dan Centella Asiatica, untuk mengatasi permasalahan skin barrier yang rusak seperti jerawat, kemerahan, kulit bertekstur, dan juga kulit kering secara cepat namun tetap aman untuk skin barrier. Diperkaya dengan teknolog 5X Ceramide, yang merupakan gabungan 5 jenis Ceramide untuk melembabkan secara mendalam dan memperkuat lapisan kulit. 5X Ceramide ini membantu untuk memperbaiki dan melindungi skin barrier dengan menjaga kelembaban dan melindungi kulit dari faktor eksternal. Size：30gManfaat: ● Memperbaiki permasalahan skin barrier seperti jerawat, kemerahan, kulit kering, dan kulit bertekstur ● Melembabkan dan menghidrasi selama 24 jam ● Oil control selama 24 jam ● Melindungi skin barrier ● Memperkuat skin barrier ● Menenangkan dan melembutkan kulit"
https://reviews.femaledaily.com/products/moisturizer/gel/l-oreal-paris/loreal-paris-revitalift-crystal-gel-cream-1,Revitalift Crystal Gel Cream,L'Oreal Paris,Rp. 185.000,4.1,"DESCRIPTION L’oreal Paris Revitalift Crystal Gel Cream merupakan gel cream dengan formula oil-free dengan konsentrasi tertinggi clarifying Salicylic Acid, dalam bentuk gel yang ringan dan terasa segar, menyerap secara cepat. Melembapkan kulit, menyamarkan bekas jerawat, dan mengurangi produksi minyak berlebih untuk pori-pori tersamarkan, dan kulit tampak sebening kristal 8 jam bebas kilap. Clarifying Salicylic Acid, asam yang dapat larut dalam minyak, dikenal dapat menyerap lebih dalam ke dalam kulit berminyak dan sudah terbukti dapat menyamarkan tampilan pori, menghaluskan permukaan kulit dan mengontrol produksi sebum berlebih, membuatnya cocok untuk kulit kasar dan berminyak.How to use:Ratakan pada permukaan kulit dan leher setiap pagi, dapat digunakan sebelum riasan wajah.Suitable for:Semua jenis kulit, khususnya kulit normal, kulit kombinasi, dan kulit berminyakIngredients:AQUA / WATER, GLYCERIN, ALCOHOL DENAT., DIMETHICONE, ISONONYL ISONONANOATE, LINALOOL, CARBOMER, DIMETHICONOL, PARFUM / FRAGRANCE, SODIUM HYDROXIDE, SALICYLIC ACID, SODIUM HYALURONATE, PHENOXYETHANOL, CHLORPHENESIN, TOCOPHERYL ACETATE, LIMONENE CAPRYLYL GLYCOL, CAPRYLOYL SALICYLIC ACID, TETRASODIUM EDTA, CITRAL, BIOSACCHARIDE GUM-1, XANTHAN GUM, ACETYL TRIFLUOROMETHYLPHENYL VALYGLYCINE, MENTHOXYPROPANEDIOL, PSEUDOALTEROMONAS FERMENT EXTRACT, BENZYL SALICYLATE, BENZYL ALCOHOL. (F.I.L. C278148/1)"
https://reviews.femaledaily.com/products/moisturizer/gel/hada-labo/gokujyun-concentrate-3d-perfect-gel,Perfect 3D Gel,Hada Labo,Rp. 91.000,3.9,"DESCRIPTION Hada Labo Perfect 3D Gel Hada Labo Perfect 3D Gel merupakan solusi lengkap untuk mengatasi masalah kulit dengan 3 manfaat, yaitu Moisturizing, Whitening, dan Anti-Aging. Tekstur gel unik yang mampu kembali seperti semula ketika disentuh, mudah meresap dan bekerja lebih dalam pada kulit. Mengandung 4 tipe Hyaluronic Acid (Hyaluronic Acid, Improved Hyaluronic Acid, Nano Hyaluronic Acid, dan 3D Hyaluronic Acid), Arbutin, Vitamin B3, Yuzu Extract, dan Anti Aging Complex yang bermanfaat untuk mengunci kadar kelembaban pada kulit secara intensif, mencerahkan dan menyamarkan noda hitam pada kulit, sebagai anti oksidan, serta dapat mencegah tanda-tanda penuaan dini.How to Use:Aplikasikan pada area wajah dan leher secara merata. Disarankan penggunaan pada malam hari.Suitable for : Semua jenis kulitIngredients : Aqua (Water), Butylene Glycol, Arbutin, Niacinamide, PEG-240/HDI Copolymer Bis-Decyitetradeceth-20 Ether, Glycerin, Glycosyl Trehalose, Hexylglycerin, Phenoxyethanol, Disodium Succinate, Sodium Metabisulfite, Dextrin, Agrinine, Succinic Acid, Hydroxypropyltrimonium Hyaluronate, Citrus Junos Seed Extract, Hydrolyzed Hyaluronic Acid, Potassium Laurate, Tocopherol, Methylparaben, Sodium Hyaluronate, Sodium Acetylated Hyaluronate."
https://reviews.femaledaily.com/products/moisturizer/gel/wardah/nature-daily-witch-hazel-purifying-moisturizer-gel-1,Nature Daily Witch Hazel Purifying Moisturizer Gel,Wardah,Rp. 21.000,3.3,DESCRIPTION Wardah Nature Daily Witch Hazel Purifying Moisturizer Gel merupakan pelembap wajah dengan tekstur gel yang ringan dan cepat menyerap ke kulit. Dilengkapi dengan ekstrak Witch Hazel yang dapat membuat pori-pori terlihat lebih kecil dan Pro Vit B5 dan Vit E yang akan memberi kelembapan ekstra.How to Use:Aplikasikan ke seluruh wajah secara merata. Tepuk-tepuk wajah secara lembut agar formula dapat meresap secara sempurna.Suitable for:Kulit berminyakIngredients:-
https://reviews.femaledaily.com/products/moisturizer/gel/somethinc/ceramic-skin-saviour-moisturizer-gel-2,Ceramic Skin Saviour Moisturizer Gel,Somethinc,Rp. 299.000,3.9,"DESCRIPTION Reformulation in October 2022Somethinc Ceramic Skin Saviour Moisturizer Gel merupakan gel-cream moistirozer dengan 9 Powerful Clean Supercharged ingredients, yaitu Marine source Collage, Matrixyl®️ 3000, Palmitoyl Tripeptide-1, Palmitoyl Tetrapeptide-7, Ceramide NP, Betaine, miniHA™️(Hydrolyzed Sodium Hyaluronate), Hydrolyzed Algae Extract (Brown Seaweed), Niacinamide, Oat, Caffeine yang dapat mengunci kelembaban wajah selama 18 jam. Aman digunakan oleh Ibu hamil dan anak berusia 11 tahun.Tersedia dalam ukuran:25 ml : Rp 169.00050 ml : Rp 299.000How to use:Oleskan pelembab secara merata ke seluruh wajah. Bisa digunakan setiap hari (malam dan siang)Suitable for:Semua jenis kulitIngredients:Water, Glycerin, Dimethicone, Betaine, Butylene Glycol, Niacinamide, Pentylene Glycol,Hydrolyzed Sodium Hyaluronate, Carbomer, Polyacrylamide, Macadamia Integrifolia Seed Oil, C13-14 Isoparaffin, Caprylyl Glycol, Aminomethyl Propanol, Allantoin, Ethylhexylglycerin, Ceramide NP, Phytosphingosine, Avena Sativa (Oat) Kernel Extract, Laureth-7, Avnthemis Nobilis Flower Extract, 1,2-Hexanediol, Hydrolyzed Algae Extract (Retired), Disodium EDTA, Polysorbate 20, Hydrolyzed Collagen, Caffeine, Magnesium Aspartate, Zinc Gluconate, Palmitoyl Tripeptide-1, Palmitoyl Tetrapeptide-7, Phenoxyethanol, Copper Gluconate, Tocopherol."
https://reviews.femaledaily.com/products/body-wash/shower-gel-cream/scarlett/scarlett-whitening-shower-scrub,Brightening Shower Scrub,Scarlett,Rp. 75.000,4.2,DESCRIPTION There's no description for this product.
https://reviews.femaledaily.com/products/body-wash/shower-gel-cream/leivy/double-moisturising-shower-cream,Double Moisturising Shower Cream,Leivy,Rp. 80.000,4.3,"DESCRIPTION Leivy Double Moisturising Shower Cream merupakan sabun mandi dengan tekstur creamy Produk menjadikan kulit halus, mulus, wangi, dan tampak lebih putih. Produk ini diperkaya oleh susu kambing yang mengandung vitamin A, B, dan E, protein yang dapat menyuburkan dan melembabkan kulit serta mencerahkan kulit.How to Use:Aplikasikan pada tubuh dengan menggunakan spons. Setelah itu, bilas hingga bersih.Suitable for:Kulit kering.Ingredients:Deionised Water, Sodium Laureth Sulfate, Cocamidopropyl Betaine, Cocamide DEA, Perfume, Glycol Stearate, Glycerine, Polyquaternium-39, PEG-7 Glyceryl Cocoate, Sodium Chloride, PEG-120 Methyl Glucose Dioleate, Citric Acid, Goat's Milk Powder, Sodium PCA, Aloe Vera Powder, Tocopheryl Acetate, Tetrasodium EDTA, Methylisothiazolinone, Methylchloroisothiazolinone."
https://reviews.femaledaily.com/products/body-wash/shower-gel-cream/dove/body-wash-deeply-nourishing,Deeply Nourishing Body Wash,Dove,Rp. 34.900,4.4,"DESCRIPTION Dove Deeply Nourishing Body Wash adalah sabun mandi kaya akan busa yang dapat membuat kulit terasa lebih halus dan lembut hanya dalam satu kali pemakaian. Kandungan Nutrium Moisture nya menutrisi hingga ke lapisan dalam kulit untuk merawat kecantikan kulit dari dalam. Dengan keharuman baru yang lembut dan tahan lama. How To Use:Aplikasikan sabun mandi ke seluruh tubuh dalam keadaan basah, gosok dan pijat-pijat ringan kulit tubuh, lalu bilas dengan air bersihSuitable For:Semua jenis kulitIngredients:-"
https://reviews.femaledaily.com/products/moisturizer/gel/neutrogena/hydro-boost-water-gel-with-progressive-release-system-5,Hydro Boost Hyaluronic Acid Water Gel,Neutrogena,Rp. 229.000,4.4,"DESCRIPTION Reformulation in January 2023NEUTROGENA® Hydro Boost Hyaluronic Acid Water Gel dilengkapi Natural Moisturizing Factor (NMF) Complex: Hyaluronic Acid, Amino Acids, Electrolytes yang menyerupai pelembap alami kulit untuk menjaga kekuatan skin barrier, menjaga vitalitas kulit, menghidrasi 5x lebih banyak agar kulit terasa lembut, kencang, kenyal, dan bercahayaHow to Use:Gunakan pada pagi dan malam hari, atau kapanpun saat kulit membutuhkan ekstra hidrasi. Oleskan dan pijat pada wajah dan leher.Suitable for:Kulit kering, kulit normal, kulit kombinasi.Ingredients:Water, Glycerin, Dimethicone, Cetearyl Olivate, Sorbitan Olivate, Polyacrylate Crosspolymer-6, Betaine, Caprylyl Glycol, Synthetic Beeswax, Ethylhexylglycerin, Pentylene Glycol, Sodium PCA, Fructose, Dimethicone Crosspolymer, Sodium Hyaluronate, Dimethiconol, Sodium Lactate, Urea, Citric Acid, PCA, Fragrance, Sodium Hydroxide, Maltose, Serine, Alanine, Glycine, Sodium Chloride, Trehalose, Allantoin, Glutamic Acid, Lysine HCl, Threonine, Arginine, Glucose, Proline, CI 42090."
https://reviews.femaledaily.com/products/body-wash/shower-gel-cream/biore/body-foam,Body Foam,Biore,Rp. 18.000,4.1,"DESCRIPTION Biore Body Foam Relaxing Aromatic adalah sabun mandi bertesktur cair dengan aroma bunga melati yang dapat memberikan sensasi relaksasi setiap saat mandi. Sabun ini dapat membuat nyaman serta penuh dengan sensasi yang menenangkan ketika busa lembutnya masuk kedalam kulit. How To Use:Gunakan sabun mandi ke seluruh tubuh yang telah dibasahi air, ratakan dan berikat pijatan ringan, lalu bilas dengan air bersihSuitable For:Semua jenis kulitIngredients:-"
https://reviews.femaledaily.com/products/body-wash/shower-gel-cream/biore/biore-bright-body-foam-41,Bright Body Foam,Biore,Rp. 20.000,3.9,DESCRIPTION There's no description for this product.
https://reviews.femaledaily.com/products/moisturizer/gel/pond-s/ponds-juice-collection-gel-cream-moisturizer-day-and-night-53,Juice Collection Gel Cream Moisturizer Day & Night,Pond's,Rp. 24.500,4.2,"DESCRIPTION Dapatkan kulit glowing natural dengan 100% natural origin extract, 100% natural derived moisturizing agent*, 100% alcohol free, cocok untuk semua jenis kulit! Oil-free Gel Cream Moisturizer, formula ringan yang diperkaya dengan Watermelon Extract + Vitamin E.*glycerinShelf Life: 1095 daysBPOM: NA18190123065"
https://reviews.femaledaily.com/products/moisturizer/gel/emina/emina-ms-pimple-moisturizing-gel-1,Ms. Pimple Moisturizing Gel,Emina,Rp. 20.000,3.8,DESCRIPTION There's no description for this product.
https://reviews.femaledaily.com/products/moisturizer/gel/skintific/msh-niacinamide-brightening-moisture-gel,MSH Niacinamide Brightening Moisture Gel,Skintific,Rp. 140.000,3.8,DESCRIPTION There's no description for this product.
https://reviews.femaledaily.com/products/moisturizer/gel/clinique/dramatically-different-moisturizing-gel-42,Dramatically Different Moisturizing Gel,CLINIQUE,Rp. 0,4.2,"DESCRIPTION Clinique Dramatically Different Moisturizing Gel merupakan gel pelembab dengan formula yang telah teruji oleh dermatolog, mencampurkan bahan hidrasi yang bebas minyak dengan bahan-bahan penguat kulit. Pelembab sehari-hari yang membantu kulit terlihat lebih muda tahan lama.How To Use :Gunakan dua kali sehari, pagi dan malam. Gunakan pada seluruh wajah dan leher, atau dibagian-bagian yang membutuhkan.Suitable For :Kulit normal dan kulit kombinasi.Ingredients :Water/Aqua/Eau, Dimethicone, Isododecane, Butylene Glycol, Bis-PEG-18 Methyl Ether Dimethyl Silane, Glycerin, Laminaria Saccharina Extract, Polygonum Cuspidatum Root Extract, Saccharomyces Lysate Extract, Cucumis Sativus (Cucumber) Fruit Extract, Hordeum Vulgare (Barley) Extract/Extrait D’Orge, Helianthus Annuus (Sunflower) Seedcake, Caffeine, Triethelose, Sodium Hyaluronate, Tocopheryl Acetate, Sucrose, Chamomilla Recutita (Matricaria), Polysilicone-11, Silica, Propylene Glycol Dicaprate, Oleth-10, Lactobacillus Ferment, Laureth-23, Laureth-4, Ammonium Acryloyldimethyltaurate/VP Copolymer, Caprylyl Glycol, Hexylene Glycol, Tromethamine, Disdoium EDTA, Phenoxyethanol, Potassium Sorbate, Yellow 5, Red 4, Yellow 6."
https://reviews.femaledaily.com/products/moisturizer/gel/whitelab/cera-mug-barrier-moisturizing-gel-3,Cera-Mug Barrier Moisturizing Gel,Whitelab,,4.0,"DESCRIPTION Whitelab Cera-Mug Barrier Moisturizing Gel merupakan moisturizer dengan tekstur gel yang ringan tanpa meninggalkan rasa lengket. Diperkaya dengan kandungan Ceramide-4, Mugwort, Marine Collagen, dan HyaluComplex-10 yang melembabkan, merawat dan meningkatkan fungsi skin barrier wajah sekaligus memberi nutrisi terbaik untuk kulit wajah.Tersedia dalam ukuran:20 gr = Rp88.00040 gr = Rp140.000How to use:Gunakan Whitelab Cera-Mug Barrier Moisturizing Gel pada wajah dan leher. Digunakan pada pagi hari sebelum menggunakan tabir surya dan pada malam hari sebelum tidur.Suitable for:Semua jenis kulitIngredients:- Ceramide-4 yang terdiri dari 4 jenis esensial Ceramide kulit (Ceramide I, III, VI, Ceramide Prekursor) melengkapi kembali komponen lipid dan meningkatkan fungsi barrier wajah, mencegah Transepidermal Water Loss (TEWL), mengurangi tanda-tanda sensitivitas kulit, meningkatkan kelembaban, dan mempertahankan level hidrasi kulit wajah.- Mugwort yang kaya dengan antioksidan untuk membantu menenangkan kulit dan memberikan kelembaban.- HyaluComplex-10 yang terdiri dari 10 jenis molekul Hyaluron “low to middle weight molecule” yang dapat meningkatkan dan mempertahankan level hidrasi pada lapisan kulit yang berbeda."
https://reviews.femaledaily.com/products/moisturizer/gel/true-to-skin/mugwort-tripeptide-moisturizer-gel-cream,Mugwort Tripeptide Moisturizer Gel Cream,True to Skin,Rp. 122.500,4.7,"DESCRIPTION True to Skin Mugwort Tripeptide Gel Cream merupakan moisturizer yang bertexture di antara gel dan cream yang ringan di kulit namun memberi kelembaban yang maksimal. Moisturizer di formulasikan untuk membantu melembabkan melembutkan, dan menghaluskan dengan kandungan Sodium Hyaluronate dan Artemesia Capillaris Flower Extract. Membantu melindungi kulit dari paparan sinar matahari dan dengan Bahan aktif Palmitoyl Pentapeptide-4 serta TETRAPEPTIDE-44 sebagai anti aging yang dapat membantu mengurangi kerutan atau garis-garis halu pada kulit wajah dan membantu menenangkan jerawat.How to use:Ambil dengan ujung jari TRUE TO SKIN Mugwort Tripeptide Gel Cream. Totolkan ke beberapa bagian titik wajah. Kemudian usap dengan lembut secara merata sampai bagian leher.Suitable for:Semua jenis kulitIngredients:Aqua, Octyl Methoxycinnamate, Propanediol, Butylene Glycol, Caprylic/Capric Triglyceride, Glycerin, lactobionic acid, Palmitoyl Pentapeptide-4, Polyacrylamide, C13-14 isoparaffin, Laureth-7, beta-glucan, Sodium Hyaluronate, Saccharide isomerate, TETRAPEPTIDE-44, acetyl hexapeptide-8, Bisabolol, Tocopheryl Acetate, Artemisia Capillaris Extract, pentylene glycol, Helianthus Annuus (Sunflower) Seed Oil, Spirulina platensis extract, malus domestica fruit extract, Maltodextrin, caprylyl glycol, 1,2-hexanediol, Ethylhexylglycerin, Citric Acid, Sodium Citrate, Phenoxyethanol, Sucrose, Tromethamine"
https://reviews.femaledaily.com/products/body-wash/shower-gel-cream/palmolive/rich-moisture-25,Naturals Shower Milk,Palmolive,Rp. 85.900,4.4,"DESCRIPTION Palmolive Naturals menggunakan bahan-bahan terbaik dan alami untuk membuat kulit anda bersih dan terasa lebih lembut. Palmolive Naturals Milk & Honey diperkaya dengan manfaat protein susu dan ekstrak madu. Formulanya yang kaya mengandung mild cleansers yang membantu melembapkan dan merawat kulit dengan satu langkah mudah. Kulit menjadi lebih halus dan lebih lembut setiap kali mandi dengan Palmolive Naturals. 100% soap free, PH Balance yang sesuai dengan kulit, dermatologically tested, dan cukup untuk 200 kali mandi. Rasakan pengalaman mandi yang menyenangkan untuk setiap anggota keluarga anda. Cara Pakai : Tuang sabun ke tangan atau ke shower puff dengan menekan pump botol, lalu usapkan ke seluruh badan. Bilas hingga bersih dengan air. Kandungan : Water, Sodium Laureth Sulfate, Cocamidopropyl Betaine, Fragrance, Sodium Cholride, Cocamide MEA, Styrene / Acrylates Copolymer, Sodium Salicylate, Sodium Benzoate, Polyquaternium-7, Glycol Distearate, Tetrasodium EDTA, Citric Acid, Lactose, Poloxamer 124, Honey, Milk Protein, CI 19140, CI 16035"
https://reviews.femaledaily.com/products/body-wash/shower-gel-cream/love-beauty-and-planet/majestic-glow-body-wash,Murumuru Butter & Rose Body Wash,Love Beauty and Planet,Rp. 54.000,4.3,"DESCRIPTION Love Beauty and Planet Murumuru Butter & Rose Body Wash merupakan body wash dengan kandungan Amazonian Murumuru Butter yang melembapkan dan keharuman lembut bunga Bulgarian Rose, Majestic glow body wash ini membersihkan dan mencerahkan kulit agar senantiasa tampak sehat bercahaya. Body Wash ini dikemas dalam 100% botol daur ulang, vegan-certified, cruelty free, bebas dari pewarna, silikon, dan paraben.How to use:Tuang ke tangan, busakan ke tubuh, dan bilas hingga bersih. Suitable for:Semua jenis kulitIngredients:Water, Myristic Acid, Lauric Acid, Potassium Hydroxide, Potassium Chloride, Sodium Laureth Sulfate, Palmitic Acid, Glycol Distearate, Perfume, Cocamidopropyl Betaine, Phenoxyethanol, Hydroxypropyl Methylcellulose , Sodium Chloride, Tetrasodium EDTA, Glycerin, BHT, Etidronic Acid, Piroctone Olamine, Propylene Glycol, Stearic Acid, Citric acid, Sodium Benzoate, Cocos Nucifera (Coconut) Oil, Astrocaryum Murumuru Seed Butter, Rosa Damascena Flower Extract, Helianthus Annuus (Sunflower) Seed Oil, Tocopherol"
https://reviews.femaledaily.com/products/moisturizer/gel/laneige/water-bank-gel-cream-1,Water Bank Gel Cream,Laneige,Rp. 450.000,4.1,"DESCRIPTION Laneige Water Bank Gel Cream merupakan krim pelembap yang dapat menurunkan suhu kulit serta memberikan kelembapan secara menyeluruh pada kulit. Memiliki tekstur gel yang ringan dan mudah menyerap ke dalam kulit.How To Use:Aplikasikan pada seluruh wajah secara merata. Tepuk-tepuk wajah secara perlahan agar formula dapat menyerap dengan sempurna.Suitable For:Semua jenis kulitIngredients:Water, Glycerin, Butylene Glycol, Squalane, Dimethicone, Bis-PEG-18 Methyl Ether Dimethyl Silane, Dicaprylyl Ether, Pentaerythrityl Tetraethylhexanoate, Cyclopentasiloxane, Sucrose Polystearate, Cyclohexasiloxane, Urea, Chenopodium Quinoa Seed Extract, Magnesium Sulfate, Zinc Sulfate, Manganese Sulfate, Calcium Chloride, Ascorbyl Glucoside, Salicornia Herbacea Extract, Propanediol, Xanthan Gum, Glyceryl Stearate, Myristyl Myristate, Tribehenin, Stearic Acid, Palmitic Acid, Glyceryl Undecylenate, Hydroxyethyl Acrylate/Sodium Acryloyldimethyl Taurate Copolymer, PEG-100 Stearate, Hydrogenated Polyisobutene, Cetearyl Alcohol, Inulin Lauryl Carbamate, Acrylates/C10-30 Alkyl Acrylate Crosspolymer, Glyceryl Caprylate, Ethylhexylglycerin, Tromethamine, Disodium EDTA, Fragrance"
https://reviews.femaledaily.com/products/moisturizer/gel/skintific/5x-ceramide-barrier-repair-moisture-gel-moisturizer,,,,,
https://reviews.femaledaily.com/products/body-wash/shower-gel-cream/scarlett/scarlett-whitening-shower-scrub,Brightening Shower Scrub,Scarlett,Rp. 75.000,4.1,DESCRIPTION There's no description for this product.
https://reviews.femaledaily.com/products/moisturizer/sun-protection-1/emina/sun-protection-spf-30-pa,Sun Protection SPF 30 PA+++,Emina,Rp. 26.000,3.7,DESCRIPTION Emina Sun Protection dengan SPF 30 dan PA+++ memiliki tekstur ringan yang membantu melindungi kulitmu dari sinar UV di hari yang aktif. Diperkaya dengan Aloe Vera Extract dan Emollient untuk memberikan kelembaban ekstrak pada kulit.How to Use:Oleskan pada kulit di pagi hari sebelum keluar rumahSuitable for:Semua jenis kulitIngredients:-
https://reviews.femaledaily.com/products/moisturizer/sun-protection-1/azarine-cosmetic/hydrashoothe-sunscreen-gel-spf45-3,Hydrasoothe Sunscreen Gel SPF 45+++,Azarine Cosmetic,,4.1,"DESCRIPTION DAILY SKIN PROTECTION FOR SUNSCREEN HATERSORGANIC SUNSCREEN GEL SPF45+++ FOR ALL SKIN TYPESTabir surya wajah dalam bentuk gel ( water base) yang sangat ringan, dingin dan mudah meresap untuk seluruh jenis kulit termasuk kulit berminyak dan acne prone skin. Di formulasikan dengan kandungan bahan alami Propolis, aloe Vera, green tea dan delima untuk melindungi kulit dari sinar UV A & UV B serta menutrisi kulit. KEUNGGULAN:- 0% alcohol ( bisa untuk kulit sensitif)- 0 % Oil ( bisa untuk kulit berminyak, kombinasi dan berjerawat)- 0% Silicone - Fungal acne Friendly- No Whitecast / efek dempul- Cepat meresap, ringan dan dingin dengan SPF tinggi- Mengandung ekstrak alami untuk kulit- Antioksidan & MelembabkanKEY INGREDIENTS:1.Aloe Vera: Menyegarkan & Menenangkan kulit2. Greentea: Antioksidan tinggi untuk menangkal radikal bebas & anti aging/ firming3. Propolis: Menutrisi & antiseptik alami4. Pomegranade: Antioksidan & moisturizer"
https://reviews.femaledaily.com/products/moisturizer/sun-protection-1/skin-aqua/uv-moisture-milk,UV Moisture Milk,Skin Aqua,Rp. 48.500,4.2,"DESCRIPTION Skin Aqua UV Moisture Milk merupakan pelembab yang mengandung SPF 50+. PA +++ untuk perlindungan ganda terhadap UV-A & UV-B. Produk ini juga mengandung Hydraulic Acid (AcHA) dan Collagen yang melembabkan, melembutkan kulit, dan mempertahankan elastisitas kulit, mengandung VItamin B5 dan E juga yang dapat menutrisi kulit.How To Use:Aplikasikan pada bagian wajahSuitable For:Semua jenis kulitIngredients:Water, Cyclopentasiloxane, Zinc Oxide, Silica, Lauryl PEG-9 Polydimethylsiloxyethyl Dimethicone, Methicone, Triethoxysilylethyl polydimethylsiloxyethyl hexyl dimethicone, Ethylhexyl methoxycinnamate, Polymethylsilsesquioxane, Butylene Glycol, Triethylhexanoin, Trimethylsiloxysilicate, Lauroyl lysine, Diethylamino Hydroxybenzoyl Hexyl Benzoate, Methylparaben, Disodium EDTA, Propylparaben, Tocopheryl Acetate, Dipotassium Glycyrrhizate, Magnesium Ascorbyl Phosphate, Hydrolyzed collagen, Sodium Hyaluronate, Panthenol"
https://reviews.femaledaily.com/products/moisturizer/sun-protection-1/wardah/sun-block-spf-33,,,,,
https://reviews.femaledaily.com/products/moisturizer/sun-protection-1/biore/uv-aqua-rich-watery-essence-1,,,,,
https://reviews.femaledaily.com/products/moisturizer/sun-protection-1/npure/cica-beat-the-sun,Cica Beat The Sun,NPURE,,4.1,"DESCRIPTION N’PURE Cica Beat The Sun SPF 50 PA ++++ adalah produk perlindungan kulit dari sinar matahari yang diformulasikan dengan 100% Natural Cica Leaf Water, Chrysanthemum Extract, Chamomilla Extract, dan Camellia Sinensis Leaf Extract. Diperkaya dengan uv filter agent yang melindungi kulit dari sinar UVA & UVB sekaligus melembapkan dan menenangkan kulit. Memiliki tekstur ringan, tidak berminyak, dan tidak mengandung bahan alkohol sehingga aman dan nyaman digunakan. How to use:Oleskan Cica Beat The Sun secara merata pada wajah dan leher 30 menit sebelum beraktivitas. Terapkan kembali jika merasa dibutuhkan atau melakukan aktivitas di luar ruangan untuk waktu yang lama. Suitable for:Semua jenis kulit Ingredients:Water, Glycerin, Dibutyl Adipate, Butyloctyl Salicylate, Diethylamino Hydroxybenzoyl Hexyl Benzoate, Bis-Ethylhexyloxyphenol Methoxyphenyl Triazine, Butylene Glycol, Ethylhexyl Triazone, Pentylene Glycol, Isoamyl p-Methoxycinnamate, Polysilicone-15, Centella Asiatica Leaf Water, Inulin Lauryl Carbamate, Chrysanthemum Parthenium (Feverfew) Extract, Chamomilla Recutita (Matricaria) Extract, Sodium Acrylate/Sodium Acryloyldimethyl Taurate Copolymer, Acrylates/C10-30 Alkyl Acrylate Crosspolymer, Tromethamine, Isohexadecane, Glyceryl Caprylate, Caprylyl Glycol, Polysorbate 80, Camellia Sinensis Leaf Extract, Sorbitan Oleate"
https://reviews.femaledaily.com/products/moisturizer/sun-protection-1/skin-aqua/uv-moisture-gel-69,UV Moisture Gel,Skin Aqua,Rp. 47.700,4.1,"DESCRIPTION Skin Aqua UV Moisture Gel SPF 30 dan PA++ dapat memberikan perlindungan dari sinar UVA dan UVB. Mengandung Improved Hyaluronic Acid, Collagen, vitamin B, E dan C dapat melembabkan, melembutkan, mempertahankan elastisitas kulit, dan menutrisi kulit.How To Use:Usapkan di wajah yang telah dibersihkan. Biarkan hingga meresap dan gunakan makeup seperti biasa.Suitable For:Kulit Normal dan Berminyak.Ingredients:Water, PEG 400, Ethylhexyl methoxycinnamate, Octocrylene, Arbutin, Butyl Methoxydibenzoylmethane, Silica, Cyclopentasiloxane, Bisethylhexyloxyphenol methoxyphenyl triazine, Phenoxyethanol, PEG-20 Methyl Glucose Sesquistearate, Acrylates/C10-30 alkyl acrylate crosspolymer, Arginine, Disodium EDTA, Dipotassium Glycyrrhizate, Polyquaternium-51, Daucus carota Sativa, Sodium Hyaluronate, Acrylates/Acrylamide Copolymer/Mineral Oil/Polysorbate 85."
https://reviews.femaledaily.com/products/moisturizer/sun-protection-1/l-oreal-paris/uv-perfect-matte-and-fresh-long-uv-spf-50-pa,UV Perfect Matte & Fresh Long UV SPF 50/ PA++++,L'Oreal Paris,Rp. 99.000,3.7,"DESCRIPTION L'Oreal Paris UV Perfect Matte & Fresh Long UV SPF 50/ PA++++ merupakan tabir surya yang diformulasikan untuk kulit berminyak dengan hasil akhir matte dan terasa ringan pada kulit. Diperkaya dengan Mexoryl dan Long UVA Filters yang membantu mencegah proses penggelapan kulit, noda hitam, dan proses penuaan dini, Oil-Control Formula yang mencegah produksi minyak berlebih, serta Detoxyl yang akan melindungi kulit dari partikel polusi. How to Use:Aplikasikan pada wajah secara merata sebelum beraktivitas di luar ruanganSuitable for:Oily Skin Type & Combination Skin TypeIngredients:-"
https://reviews.femaledaily.com/products/moisturizer/sun-protection-1/nivea/sun-protect-and-white-oil-control-serum-spf50-pa,Sun Protect & White Oil Control Serum SPF 50+,NIVEA,Rp. 60.000,3.9,DESCRIPTION NIVEA Sun Protect & White Oil Control Serum SPF50 PA+++ merupakan sun face serum yang mengandung oil control formula untuk membuat makeup lebih tahan lama. Mengandung UVA dan UVB filter sebagai perlindungan optimal dari sinar matahari. Memiliki tekstur yang tidak lengket dan nyaman digunakan.How to use:Aplikasikan pada wajah sebelum menjalankan aktivitasSuitable for:Kulit berminyakIngredients:-
https://reviews.femaledaily.com/products/moisturizer/sun-protection-1/carasun/carasun-solar-smart-uv-protector-spf45-pa,Solar Smart UV Protector SPF45 PA++++,Carasun,Rp. 69.000,3.7,DESCRIPTION Sunscren lokal terbaru dari brand carasun
https://reviews.femaledaily.com/products/moisturizer/sun-protection-1/wardah/uv-shield-airy-smooth-sunscreen-serum-spf-50-pa-1,UV Shield Airy Smooth Sunscreen Serum SPF 50 PA++++,Wardah,Rp. 37.500,4.1,"DESCRIPTION Wardah UV Shield Airy Smooth Sunscreen Serum SPF 50 PA++++ merupakan sunscreen serum yang dilengkapi dengan SkinBoost DNA™ yang efektif melindungi dari 8 penyebab permasalahan kulit sehingga melindungi skin barrier untuk kulit tampak cerah dan halus. Dengan tekstur ringan dan nyaman seringan awan, serta powdery smooth finish.How to use:Aplikasikan merata pada wajah dan leher sebelum beraktivitas. Ulangi pemakaian jika diperlukanSuitable for:Semua jenis kulitIngredients:Aqua, Ethylhexyl Methoxycinnamate, Octocrylene, Butyl Methoxydibenzoylmethane, Polymethyl Methacrylate, Dimethicone, Ethylhexyl Triazone, Ammonium Acryloyldimethyltaurate/VP Copolymer, Phenoxyethanol, Arachidyl Alcohol, Dipropylene Glycol, Butylene Glycol, Behenyl Alcohol, Chlorphenesin, Allantoin, Glycerin, Arachidyl Glucoside, Fragrance, Kaolin, Xanthan Gum, Propanediol, Disodium EDTA, Lecithin, BHT, Trideceth-9, Centella Asiatica Extract, Vitis Vinifera (Grape) Leaf Extract, PEG-40 Hydrogenated Castor Oil, Haberlea Rhodopensis Leaf Extract, Artemisia Capillaris Flower Extract, Ethylhexylglycerin, Polysorbate 20, CI 42090, CI 19140."
https://reviews.femaledaily.com/products/moisturizer/sun-protection-1/skin-aqua/uv-whitening-milk,UV Whitening Milk,Skin Aqua,Rp. 48.000,4.4,"DESCRIPTION Skin Aqua UV Whitening Milk merupakan sun protection dengan kandungan SPF 50 untuk perlindungan 50x lebih lama terhadap sinar UV-B yang menyebabkan kulit terbakar dan PA++++ untuk perlindungan terhadap UV-A yang menyebabkan penuaan dini dan kulit menjadi lebih gelap. Mengandung Improved Hyaluronic Acid (AcHA) untuk melembabkan dan melembutkan kulit. Mengandung Tranexamic Acid untuk mencerahkan dan menyamarkan noda hitam di kulit. Tidak menggunakan bahan pewarna dan parfum. Water based formula yang cepat meresap, ringan di kulit, dan tidak menimbulkan whitecast How To Use: Usapakan di wajah yang telah dibersihkan. Biarkan hingga meresap dan gunakan make up seperti biasa.Suitable For:Dull SkinIngredients:-"
https://reviews.femaledaily.com/products/moisturizer/sun-protection-1/l-oreal-paris/uv-defender-bright-clear,UV Defender Bright & Clear,L'Oreal Paris,Rp. 150.000,3.9,"DESCRIPTION L'Oreal Paris UV Defender Bright & Clear merupakan UV Serum Protector yang dilengkapi dengan Brightening Niacinamide untuk kulit tampak cerah seketika dan terlindugi dari sinar UV. Bright & Clear Serum protector cocok untuk kulit yang tampak kusam dan memerlukan tabir surya dengan efek mencerahkan sektika. How to use:Aplikasikan pada wajah secara merata sebelum beraktivitasSuitable for:Kulit normalIngredients:AQUA / WATER, ETHYLHEXYL METHOXYCINNAMATE, TITANIUM DIOXIDE, SQUALANE, GLYCERIN, DROMETRIZOLE TRISILOXANE, TEREPHTHALYLIDENE DICAMPHOR SULFONIC ACID, PROPYLENE GLYCOL, ALCOHOL DENAT, TRIETHANOLAMINE, DIPROPYLENE GLYCOL, MICA, STEARIC ACID, POTASSIUM CETYL PHOSPHATE, TOCOPHEROL, NYLON 12, CI 77891 / TITANIUM DIOXIDE, NIACINAMIDE, SODIUM COCOYL SARCOSINATE, SODIUM CHLORIDE, PHENOXYETHANOL, DIETHYLAMINO HYDROXYBENZOYL HEXYL BENZOATE, PAEONIA SUFFRUTICOSA ROOT EXTRACT, THERMUS THERMOPHILLUS FERMENT, PEG 100 STEARATE, ETHYLHEXYL TRIAZONE, TRISODIUM ETHYLENEDIAMINE DISUCCINATE, PALMITIC ACID, POLYSORBATE 80, LIMONENE, XANTHAN GUM, LINALOOL, TROMETHAMINE, ISOHEXADECANE, CAPRYLYL GLYCOL, ALPHA ISOMETHYL IONONE, BARIUM SULFATE, CARBOMER, ACRYLAMIDE/SODIUM ACRYLOYLDIMETHYLTAURATE COPOLYMER, MYRISTIC ACID, SORBITAN OLEATE, BIS ETHYLHEXYLOXYPHENOL METHOXYPHENYL TRIAZINE, CETYL ALCOHOL, BUTYLENE GLYCOL, BHT, BUTYROSPERMUM PARKII SEEDCAKE EXTRACT / SHEA SEEDCAKE EXTRACT, POTASSIUM SORBATE, ALUMINUM HYDROXIDE, HEXYL CINNAMAL, GLYCERYL STEARATE, PARFUM / FRAGRANCE"
https://reviews.femaledaily.com/products/moisturizer/sun-protection-1/acnes/uv-tint,UV Tint,Acnes,Rp. 35.000,3.7,"DESCRIPTION Acnes UV Tint adalah lotion yang dapat melawan bakteri penyebab jerawat, merawat tekstur kulit, serta memiliki kandungan SPF 30 untuk melindungi kulit dari efek buruk sinar UV. Diperkaya dengan kandungan Vitamin B6, Vitamin E, dan turunan Vitamin C sebagai nutrisi yang dibutuhkan kulit serta membuat kulit menjadi lembut. Lotion ini juga dapat menyamarkan noda di kulit. Dapat digunakan sebagai dasar make up yang dapat menyerap minyak.How To Use:Aplikasikan lotion ini ke seluruh wajah secara merata di pagi/siang hari setelah membersihkan wajahSuitable For:Kulit berjerawatIngredients:-"
https://reviews.femaledaily.com/products/moisturizer/sun-protection-1/azarine-cosmetic/hydramax-c-sunscreen-serum-spf-50-pa-blueloght-protection-brightening-1,Hydramax-C Sunscreen Serum SPF 50 PA++++,Azarine Cosmetic,,4.0,DESCRIPTION There's no description for this product.
https://reviews.femaledaily.com/products/moisturizer/sun-protection-1/nivea/nivea-sun-protect-and-white-serum,Sun Protect & White Serum Instant Aura SPF 50+,NIVEA,Rp. 52.000,4.2,"DESCRIPTION Double UV protection dg SPF50+ dan PA+++ melindungi kulit wajah dr sinar UVA & UVB yg dapat menyebabkan berbagai kerusakan kulit. Instant Aura : mengandung Aura Booster, Licorice, & Vitamin E membuat kulit terlihat lebih cerah dan berseri. Cocok utk semua jenis kulit."
https://reviews.femaledaily.com/products/sun/sun-protection/vaseline/healthy-sunblock,Intensive Care Healthy Sunblock SPF30 Lotion,Vaseline,Rp. 32.100,3.8,"DESCRIPTION Vaseline Intensive Care Healthy Sunblock SPF30 Lotion ialah produk yang water resistant untuk kulit tampak sehat dan terlindungi dari sinar matahari. Mengandung SPF 30 dan Broad Spectrum Sunscreen PA++ untuk melindungi kulit dari sinar UVA dan UVB yang dapat menyebabkan kerutan, noda, bintik hitam, dan kusam. Mengandung nutrisi Yogurt Protein dan Aloe Vera Extract untuk kulit lembut dan segar. Tubuh memproduksi melanin akibat paparan sinar UV yang dapat membuat kulit tampak lebih gelap dan warna kulit tidak merata. Vaseline Healthy Sunblock dirancang untuk melembabkan dan mencegah pembentukan melanin akibat paparan sinar UVA dan UVB dengan menyertakan perlindungan SPF 30, Broad Spectrum Sunscreen PA++, Yogurt Protein, dan Aloe Vera Extract. Hasilnya adalah sunblock yang memberikan kelembaban untuk memperbaiki kulit kering, membuatnya lebih sehat dan terlindungi. Meresap cepat tanpa rasa lengketHARGA100ml: Rp. 18.200,-200ml: Rp. 32.100.-400ml: Rp. 57.800,-How To Use:Aplikasikan ke seluruh tubuh sebelum melakukan aktivitas di luar ruangan pada pagi atau siang hariSuitable For:Perlindungan dari sinar matahari, kulit sensitive, kulit kering Ingredients:Water, Cyclopentasiloxane, Ethylhexyl Methoxycinnamate, Caprylic/Capric Triglyceride, Glycerin, Zinc Oxide, Dimethicone, Cetyl PEG/PPG-10/1 Dimethicone, Microcrystalline Wax, Methylparaben, Perfume, Sodium Chloride, Triethoxycaprylylsilane, Propylparaben, Disodium EDTA, Yogurt Powder, BHT, Aloe Barbadensis Leaf Juice, Maltodextrin, Methylisothiazolinone"
https://reviews.femaledaily.com/products/sun/sun-protection/nivea/nivea-daily-protection-sun-lotion-33-spf-pa,Daily Protection Sun Lotion SPF 33 PA+++,NIVEA,Rp. 25.000,4.1,"DESCRIPTION NIVEA Daily Protection Sun Lotion SPF 33 PA+++ merupakan suncreen yang dapat melindungi kulit dari paparan sinar matahari yang dapat menimbulkan efek yang berbahaya bagi kulit. Dilengkapi dengan SPF 33 PA+++ dan tekstur ringan yang mudah menyerap dan tidak meninggalkan rasa lengket pada kulit. Memiliki manfaat untuk mencegah penuaan dini, menjaga kelembapan dan elastisitas kulit, dan menjaga tone warna kulit.How to Use:Aplikasikan pada area tangan dan kaki sebelum beraktifitas di luar ruanganSuitable for:Semua jenis kulitIngredients:-"
https://reviews.femaledaily.com/products/moisturizer/sun-protection-1/cosrx/aloe-soothing-sun-cream,Aloe Soothing Sun Cream,Cosrx,Rp. 175.000,4.1,"DESCRIPTION Cosrx Aloe Soothing Sun Cream merupakan sun protection yang dapat melindungi kulit dari sinar UVA dan UVB. Diklaim mampu meningkatkan lapisan perlindungan kulit berkat kandungan Aloe Arborescens Extract yang mencapai 5.500 ppm, dilengkapi dengan SPF50+ dan PA +++ ini juga mampu memberikan sensasi soothing saat digunakan, serta membantu menghidrasi kulit dengan baik. How to use:Aplikasikan pada wajah secara merata 30 menit sebelum terpapar sinar matahari.Suitable for:Semua jenis kulitIngredients:Water, Ethylhexyl Methoxycinnamate, Glycerin, Propylene Glycol, Cyclopentasiloxane, Bis-Ethylhexyloxyphenol Methoxyphenyl Triazine, Phenylbenzimidazole Sulfonic Acid, Dicaprylyl Carbonate, Isoamyl P-Methoxycinnamate, Potassium Cetyl Phosphate, Alcohol,Dimethicone, Glyceryl Stearate, Butylene Glycol, Titanium Dioxide, C14-22 Alcohols, Polymethyl Methacrylate, Cetearyl Alcohol, Aloe Arborescens Leaf Extract, Dipotassium Glycyrrhizate, Tocopheryl Acetate, Peg-100 Stearate, Silica, C12-20 Alkyl Glucoside, Dimethicone/Vinyl Dimethicone Crosspolymer, Aluminum Hydroxide, Stearic Acid, Caprylyl Glycol, Acrylates/C10-30 Alkyl Acrylate Crosspolymer, Carbomer, Xanthan Gum, Triethanolamine Sodium Hydroxide, Fragrance, Phenoxyethanol, Disodium Edta"
https://reviews.femaledaily.com/products/moisturizer/sun-protection-1/azarine-cosmetic/azarine-calm-my-acne-sunscreen-moisturizer-1,Calm My Acne Sunscreen Moisturizer,Azarine Cosmetic,,4.1,"DESCRIPTION Azarine Calm My Acne Sunscreen Moisturizer merupakan tabir surya dalam bentuk gel (water base) yang diformulasi khusus dengan tekstur yang ringan, nyaman, dan tanpa whitecast. Dengan perpaduan kandungan yang mampu merawat, menutrisi sekaligus melindungi skin barrier dari paparan sinar UV A & UV B, bluelight, serta polusi.How to use:Oleskan secukupnya pada wajah sebelum memulai aktivitasSuitable for:Semua jenis kulitIngredients:-"
https://reviews.femaledaily.com/products/moisturizer/sun-protection-1/wardah/sun-block-spf-33,UV Shield Essential Sunscreen Gel SPF 35 PA +++,Wardah,Rp. 37.500,3.5,"DESCRIPTION Wardah UV Shield Essential Sunscreen Gel SPF 35 PA +++ merupakan sunscreen serum yang dilengkapi dengan SkinBoost DNA™ yang efektif melindungi dari 8 penyebab permasalahan kulit untuk memelihara kulit supple dan glowing. Dengan tekstur ringan dan nyaman seringan awan, serta glow finish.How to use:Aplikasikan merata pada wajah dan leher sebelum beraktivitas. Ulangi pemakaian jika diperlukanSuitable for:Semua jenis kulitIngredients:Aqua, Ethylhexyl Methoxycinnamate, Niacinamide, Butyl Methoxydibenzoylmethane, Phenyl Trimethicone, Octocrylene, Cetearyl Alcohol, Phenoxyethanol, Acrylates/C10-30 Alkyl Acrylate Crosspolymer, Aminomethyl Propanol, Butylene Glycol, Cetearyl Glucoside, Chlorphenesin, Allantoin, Xanthan Gum, Disodium EDTA, Fragrance, Lecithin, Glycerin, BHT, Glucose, Dextrin Palmitate, Arbutin, Citric Acid, Sodium Sulfite, Acetyl Tyrosine, Saxifraga Sarmentosa Extract, Paeonia Suffruticosa Root Extract, Aminopropyl Ascorbyl Phosphate, Scutellaria Baicalensis Root Extract, Glutathione."
https://reviews.femaledaily.com/products/moisturizer/sun-protection-1/biore/uv-aqua-rich-watery-essence-1,UV Aqua Rich Watery Essence SPF 50+ PA++++,Biore,Rp. 140.000,4.2,"DESCRIPTION Biore UV Aqua Rich Watery Essence SPF 50+/PA++++ adalah pelindung wajah dan badan dari efek buruk sinar UVA dan UVB. Dilengkapi kandungan Aqua Micro Capsule yang memberikan sensasi sejuk di kulit, “mengunci” UV dan bertekstur ringan seperti air, sehingga mampu menjaga kelembaban kulit lebih lama. Terdapat juga kandungan Hyaluronic Acid & Citrus Essence untuk menjaga kulit tetap lembab dan segar tanpa rasa lengket karena mudah menyerap ke dalam kulit.How To Use:Aplikasikan pada seluruh wajah dan tubuh dalam keadaan bersih, gunakan setiap ingin melakukan aktivitas diluar ruangan pada pagi/siang hariSuitable For:Semua jenis kulitIngredients:-"
https://reviews.femaledaily.com/products/moisturizer/sun-protection-1/acnes/uv-tint,,,,,
https://reviews.femaledaily.com/products/cleanser/cream-lotion/viva-cosmetics/milk-cleanser,Milk Cleanser,Viva Cosmetics,Rp. 6.400,4.1,"DESCRIPTION Viva Cosmetics Milk Cleanser adalah susu pembersih wajah untuk kulit normal yang mengandung bahan alami Ekstrak Bengkuang agar kulit wajah tampak lebih cerah dan diperkaya dengan kandungan ekstrak biji bunga matahari untuk merawat elastisitas kulit wajah.How To Use:Oleskan Viva Milk Cleanser Bengkuang pada kulit wajah dan leher, lakukan pemijatan ringan, kemudian angkatlah dengan tissue/kapas. Lanjutkan dengan penggunaan Viva Face Tonic Bengkuang. Gunakan sebelum ber-make-up dan malam hari sebelum tidur. Suitable For:Kulit normalIngredients:-"
https://reviews.femaledaily.com/products/blush/cream/emina/cheeklit-cream-blush-94,Cheeklit Cream Blush,Emina,Rp. 30.000,4.0,"DESCRIPTION Emina Cheeklit Cream Blush adalah perona pipi bertekstur krim yang dapat memberikan warna natural pada pipi. Dilengkapi dengan Squalene untuk memberikan kelembaban.How To Use:Aplikasikan krim pada pipi secukupnya, lalu ratakan menggunakan jari tanganSuitable For:Kulit normal, kulit keringIngredients:-"
https://reviews.femaledaily.com/products/moisturizer/cream-1/the-originote/hyalucera-moisturizer,Hyalucera Moisturizer,The Originote,Rp. 42.000,3.8,"DESCRIPTION The Originote Hyalucera Moisturizer adalah pelembap yang diformulasikan untuk menjaga skin barrier dengan menggunakan gabungan dari bahan aktif laboratorium kimia yang teruji secara klinis aman dan bahan natural dari alam. Diformulasikan dengan Hyaluronic Acid dan Ceramide yang dapat memperbaiki dan menjaga skin barrier, mengunci hidrasi pada kulit, menjaga elastisitas kulit serta membantu menyembuhkan breakout. Mengandung Chlorelina gabungan antara chlorella dan spirulina yang berfungsi untuk menjaga elastisitas, sebagai antioksidan bagi kulit, sebagai oil control dan teksturnya yang gel membuat moisturizer ini cocok untuk segala jenis kulit. How to use:Setelah membersihkan muka, menggunakan toner dan serum, ambil moisturizer secukupnya dan pijat perlahan ke seluruh muka secara merata, tepuk perlahan dan biarkan hingga meresap sempurna pada kulit. Suitable for:Semua jenis kulitIngredients:Hyaluronic Acid + Ceramide with Chlorelina"
https://reviews.femaledaily.com/products/face-2/bb-cc-cream/pixy/pixy-uv-whitening-4-beauty-benefits-bb-cream,UV Whitening 4 Beauty Benefits BB Cream,PIXY,Rp. 32.000,3.3,DESCRIPTION PIXY UV Whitening 4 Beauty Benefits BB Cream adalah BB Cream yang diformulasikan dengan Smart-Lock Powder yang mempertahankan makeup tetap tampak cerah hingga 12 jam dan dapat menutup noda tanpa terkesan tebal. Teruji secara klinis dan tidak memicu timbulnya komedo.How to use:Aplikasikan pada seluruh bagian wajahSuitable for:Semua jenis kulitIngredients:-
https://reviews.femaledaily.com/products/face-2/bb-cc-cream/pixy/make-it-glow-dewy-cushion,Make It Glow Dewy Cushion,PIXY,Rp. 125.000,4.3,"DESCRIPTION Pixy Dewy Cushion merupakan Cushion dengan tekstur ringan dan daya tutup tinggi, menyamarkan noda dengan hasil tampak natural dan tahan lama hingga 10 jam. Memberikan hasil tata rias wajah yang tampak cerah bercahaya, tanpa berlebihHow to use:Aplikasikan pada wajah secara merataSuitable for:Semua jenis kulitIngredients:-"
https://reviews.femaledaily.com/products/face-2/bb-cc-cream/wardah/c-defense-dd-cream,C-Defense DD Cream,Wardah,Rp. 30.000,3.6,"DESCRIPTION Wardah C-Deffense DD Cream memiliki kandungan Vitamin C yang berkualitas tinggi dan antioksidan yang dapat membantu mencerahkan, menghaluskan, dan meratakan waran kulit. Dilengkapi dengan kandungan SPF 30.How To Use:Aplikasikan pada wajah, lalu ratakan dengan jari tanganSuitable For:Kulit normalIngredients:-"
https://reviews.femaledaily.com/products/moisturizer/cream-1/nivea/creme-soft,Soft,NIVEA,Rp. 7.500,3.9,"DESCRIPTION NIVEA Crème Soft merupakan pelembab yang membuat kulit lebih sehat dan terasa lembab seharian. Produk ini membuat kulit lebih kenyal dan segar tanpa membuat kilau.How to Use:Aplikasikan pada wajah secara merata.Suitable for:Kulit kering, kulit kombinasi, kulit normal.Ingredients:Water, Myristyl Alcohol, Mineral Oil (Paraffinum Liquidum), Glycerin, Butylene Glycol, Alcohol Denatured, Stearic Acid, Petrolatum, Myristyl Myristate, Glyceryl Stearate, Hydrogenated Coco Glycerides, Dimethicone, Simmondsia Chinensis (Jojoba) Seed Oil (Jojoba), Tocopheryl Acetate (Vitamin E), Polyglyceryl 2 Caprate, Phenoxyethanol, Lanolin Alcohol, Fragrance, Carbomer, Sodium Hydroxide, Cetyl Phosphate, Methylparaben, Ethylparaben, Propylparaben, Butylparaben, Isobutylparaben."
https://reviews.femaledaily.com/products/face-2/bb-cc-cream/wardah/lightening-bb-cream-light,Lightening BB Cream,Wardah,Rp. 30.000,3.2,"DESCRIPTION Wardah Lightening BB Cream bisa menjadi dasar make up sekaligus memberi kelembapan lebih pada kulit wajah karena memiliki kandungan pelembab di dalamnya. Bertenstur ringan dan nyaman untuk digunakan setiap hari, dan mudah diratakan pada wajah. BB Cream ini dapat membantu mencerahkan wajah, mengandung bahan aktif untuk menutrisi kulit wajah seperti licorice, vitamin C, vitamin B3 serta anti oksidan. Kulit tampak lebih halus, mulus dan bebas noda, hasil semi matte dan natural, serta sudah dilengkapi dengan SPF32 PA+++ yang melindungi kulit dari paparan sinar matahari.How To Use:Aplikasikan pada wajah menggunakan sponsSuitable For:Semua jenis kulitIngredients:-"
https://reviews.femaledaily.com/products/moisturizer/cream-1/glow-lovely/dermaglow-multivitamin-cream,DermaGlow Multivitamin Cream,Glow & Lovely,Rp. 22.850,3.6,"DESCRIPTION Glow & Lovely DermaGlow Multivitamin Cream merupakan krim pencerah yang hadir dengan formula baru yang cepat meresap. Dengan 12 HSA dan Vitamin B, C, E untuk kulit lebih cerah dan menyamarkan noda di setiap lapisan kulit, serta UVA/UVB Filters: untuk wajah glowing terlindungi. How to Use:Usapkan secara merata pada wajah dan leher yang telah dibersihkan. Untuk hasil terbaik gunakan 2 kali sehari di pagi dan malam hari secara rutin dan teratur. Suitable for:Kulit kusamIngredients:Water, stearic acid, isopropyl myristate, niacinamide, glycerin, Hydroxystearic acid, ethylhexyl methoxycinnmate, Butyl methoxydibenyoylmethane, Titanium Dioxide, cetylalcohol, dimethicone, potassium hydroxide, Fragrance, Sodium Ascorbyl phosphate, Tacopheryl acetate, allatonin, Phenoxyethanol, methylparaben, propylparaben, disodium EDTA, aluminum hydroxide, palmitic acid, pyridoxine HCL, arachidic acid, zinc oxide, BHT"
https://reviews.femaledaily.com/products/moisturizer/cream-1/azarine-cosmetic/c-white-night-moisturizer-1,C White Night Moisturizer,Azarine Cosmetic,Rp. 65.000,4.1,"DESCRIPTION C White Perfect Radiance Night Moisturizer adalah moisturizer malam yang diformulasikan dengan tekstur gel, sehingga dingin, ringan, serta mudah diserap kulit. Diperkaya dengan ekstrak alami Kakadu Plum, Licorice, dan Papaya yang bekerja secara sinergis untuk melembabkan, merawat, dan mencerahkan kulit. Kulit tampak bercahaya dan kenyal di pagi hari.How to use:Aplikasikan pada malam hari, setelah menggunakan serumSuitable for:-Ingredients:Lemon, aloe vera, bengkoang."
https://reviews.femaledaily.com/products/moisturizer/cream-1/l-oreal-paris/glycolic-bright-day-cream-spf17-1,Glycolic Bright Day Cream SPF17,L'Oreal Paris,Rp. 185.000,4.0,"DESCRIPTION L'Oreal Paris Glycolic Bright Day Cream SPF17 merupakan pelembab harian yang diformulasikan dengan Brightening Glycolic Acid yang membantu mencerahkan dan menyamarkan noda hitam untuk kulit glowing dan merata. Terbukti secara klinis meningkatkan kemampuan perlindungan kulit melawan sinar UV yang berbahaya untuk kulit. How to use:Ratakan pada permukaan kulit dan leher setiap pagi, dapat digunakan sebelum riasan wajah.Suitable for:Semua jenis kulitIngredients:AQUA/WATER, ETHYLEXHYL METHOXYCINAMATE, GLYCERIN, ISOHEXADECANE, CYCLOHEXASILOXANE, AMMONIUM POLYACRYLOYLDMETHYL TAURATE, PENTAERYTHRITYL TETRAETHYLHEXANOATE, TITANIUM DIOXIDE [NANO] / TITANIUM DIOXIDE, GLYCERYL STERATE, PEG-100 STEARATE, DIETHYLAMINO HYDROXYBENZOYL HEXYL BENZOATE, SYNTHETIC WAX, BHT, POTASSIUMCETYL PHSPHATE, STEARIC ACID, LINALOOL, GERANOIL, GLYCOLIC ACID, EUGENOL, PARFUM/FRAGRANCE, MANGANESE GLUCONATE, METHYLPARBEN, SILICA, MYRISTIC ACID, SODIUM HYDROXIDE, PALMITIC ACID, ALUMINUM HYDROXIDE, PHENOXYETHANOL, PHENYLETHYL RESOORCINOL, ASCORBYL GLUCOSIDE, LIMONENE, CAPRYLYL GLYCOL, TETRASDOIUM EDTA, CAPRYLOYL SALICYLIC ACID, CITRUS LIMON FRUIT EXTRACT / LEMON FRUIT EXTRACT, CITRIC ACID, TOURMALINE, CITRONELLOL, BIOSACCHARIDE GUM-1, OCTYLDODECANOL, CETYL ALCOHOL, ETHYLPARABEN, HEXYL CINNAMAL, BENZYL ALOCHOL, CI 14700 / RED 4, CI 77891 / TITANIUM DIOXIDE.. (F.I.L. Z283405/1)"
https://reviews.femaledaily.com/products/moisturizer/cream-1/garnier/sakura-white-pinkish-radiance-whitening-cream,Sakura White Whitening Serum Cream UVA/UVB Filters,Garnier,Rp. 61.300,3.4,"DESCRIPTION Garnier Sakura White Serum Day Cream SPF21 / PA+++Tampak cantik sempurna dengan kulit mulus, cerah merona. Dengan ekstrak alami sakura dan Pore Smoothing Serum di dalamnya efektif mampu mencerahkan wajah kusam, sekaligus membuat pori-pori di permukaan tampak halus.Teknologi Talc Touch, melembabkan tanpa membuat wajah mengkilap akibat minyak berlebih, sedangkan SPF21/PA+++nya melindungi dari sinar UV agar kulit tak kembali gelap. Cocok untuk tipe kulit normal-kering dan sensitif karena sudah teruji klinis. Cara Penggunaan :Oleskan krim secara merata ke wajah dan leher yang bersih.Hindari daerah sekitar mata."
https://reviews.femaledaily.com/products/cleanser/cream-lotion/viva-cosmetics/milk-cleanser-greentea,Milk Cleanser,Viva Cosmetics,Rp. 6.000,4.1,"DESCRIPTION Viva Cosmetics Milk Cleanser adalah susu pembersih wajah untuk kulit berjerawat. Diperkaya dengan kandungan ekstrak teh hijau sebagai anti oksidan dan Tea Tree Oil untuk membantu mencegah timbulnya jerawat.How To Use:Oleskan Viva Milk Cleanser Green Tea pada kulit wajah dan leher, lakukan pemijatan ringan, kemudian angkatlah dengan tissue/kapas. Lanjutkan dengan penggunaan Viva Face Tonic Green Tea. Gunakan sebelum ber-make-up dan malam hari sebelum tidur.Suitable For:Kulit berjerawatIngredients:-"
https://reviews.femaledaily.com/products/cleanser/cream-lotion/viva-cosmetics/milk-cleanser-99,Milk Cleanser,Viva Cosmetics,Rp. 5.700,3.9,"DESCRIPTION Viva Cosmetics Milk Cleanser adalah susu pembersih untuk kulit wajah yang berminyak dan berjerawat. Diperkaya dengan kandungan Ekstrak Lemon untuk mengurangi kadar minyak di wajah sehingga membantu mencegah timbulnya jerawat.How To Use:Oleskan Viva Milk Cleanser Lemon pada kulit wajah dan leher, lakukan pemijatan ringan, kemudian angkatlah dengan tissue/kapas. Lanjutkan dengan penggunaan Viva Face Tonic Lemon. Gunakan sebelum ber-make-up dan malam hari sebelum tidur.Suitable For:Kulit berminyak dan berjerawatIngredients:-"
https://reviews.femaledaily.com/products/blush/cream/emina/cheeklit-cream-blush,Cheeklit Cream Blush,Emina,Rp. 30.000,4.0,"DESCRIPTION Emina Cheeklit Cream Blush adalah perona pipi bertekstur krim yang dapat memberikan warna natural pada pipi. Dilengkapi dengan Squalene untuk memberikan kelembaban.How To Use:Aplikasikan krim pada pipi secukupnya, lalu ratakan menggunakan jari tanganSuitable For:Kulit normal, kulit keringIngredients:-"
https://reviews.femaledaily.com/products/face-2/bb-cc-cream/garnier/bb-cream-miracle-skin-perfector,BB Cream Miracle Skin Perfector,Garnier,Rp. 19.500,2.7,"DESCRIPTION BB Cream Miracle Skin Perfector adalah pelembab sehari-hari yang memberikan coverage alami, sehingga membuat wajah tampak cantik natural seketika. Diperkaya dengan kandungan sari lemon yang membantu mencerahkan dan mengurangi kekusaman kulit secara alami, serta pigmen mineral yang dapat meratakan warna kulit, dan menyamarkan bekas jerawat & noda hitam. Garnier BB Cream memiliki 5 manfaat sekaligus: melembapkan dan menutrisi kulit, membuat wajah tampak putih cerah bersinar, menyamarkan noda & bekas jerawat, mengurangi kilap bagai memakai bedak, dan meratakan warna kulit.How To Use:Aplikasikan BB Cream pada seluruh wajah dan leher, lalu ratakan. Ulangi pemakaian jika perlu.Suitable For:Kulit normal, kulit keringIngredients:Active Ingredients: Octinoxate 4%, Titanium Dioxide 2.1%. Inactive Ingredients: Water, Isononyl Isononanoate, Isohexadecane, Glycerin, Alcohol Denat., Peg-20 Methyl Glucose Sesquistearate, Methyl Glucose Sesquistearate, Cetyl Palmitate, Nylon-12, Cyclohexasiloxane, Propylene Glycol, Hydrogenated Polyisobutene, Stearyl Alcohol, Magnesium Aluminum Silicate, Phenoxyethanol, Caprylyl Glycol, Lithium Magnesium Sodium Silicate, Disodium EDTA, Linalool, Benzyl Salicylate, Limonene, Caffeine, Ascorbyl Glucoside, Benzyl Alcohol, Geraniol, Cellulose Acetate Butyrate, Polyphosphorylcholine Glycol Acrylate, Citral , Ammonium Polyacryloyldimethyl Taurate, Polyvinyl Alcohol, Sodium Chloride, Butylene Glycol, Sodium Hyaluronate, Fragrance; May Contain: Titanium Dioxide, Iron Oxides."
https://reviews.femaledaily.com/products/blush/cream/pixy/pixy-twin-blush-06,Twin Blush,PIXY,Rp. 50.000,4.5,"DESCRIPTION Pixy Twin Blush merupakan blush on yang berbentuk cream dengan hasil akhir powder yang memiliki tekstur yang soft, formula yang ringan dan mudah diratakan pada bibir dan pipi. Memiliki dual function sehingga dapat digunakan pada pipi dan bibir (seperti lipstick). Diperkaya dengan kandungan madu yang dapat melembabkan kulit.How To Use:Aplikasikan pada bagian tulang pipi/bibirSuitable For:Semua Jenis KulitIngredients:-"
https://reviews.femaledaily.com/products/moisturizer/cream-1/azarine-cosmetic/ultralight-hydraglow-day-cream,Ultralight Hydraglow Day Cream,Azarine Cosmetic,Rp. 55.000,4.1,"DESCRIPTION WHITENING MULTIDEFENSE DAY CREAM SPF 30 +++#BRIGHT - PROTECT - YOUTHFUL GLOW Day cream pencerah kulit yang sangat ringan untuk di pakai sehari- hari atau di tumpuk make up. DI formulasi dengan gabungan bahan bahan herbal alami untuk menutrisi kulit sekaligus melindungi dari sinar UV matahari. Teknologi Whitening Multidefense tidak hanya melindungi kulit dari matahari tapi juga radikal bebas di sekitar kita agar kulit kita lebih kuat dan lembab setiap saat. Dengan encapsulated sunscreen agent, dapat di gunakan untuk kulit sensitif.KEY INGREDIENTS:1. Kakadu Plum Australia: Sumber Vit C alami untuk mencerahkan kulit & menutrisi2. Kolagen: anti aging, memperbaiki sel pertahanan kulit & menghaluskan kulit3. Ginseng Korea: anti aging & membantu regenerasi sel kulit4. Delima: Antioksidan untuk menangkal radikal bebas5. Shea Butter: Super moisturizer, menyamarkan garis halus & natural SPF booster"
https://reviews.femaledaily.com/products/moisturizer/cream-1/wardah/lightening-night-cream-step-3,Lightening Night Cream,Wardah,Rp. 45.000,3.6,"DESCRIPTION Lightening Night Cream merupakan krim pelembab malam hari dengan tekstur ringan yang mencerahkan, melembabkan, dan menutrisi kulit wajah sepanjang malam. Mengandung Advanced Niacinamide yang bantu mencerahkan kulit sekaligus memberikan perlindungan ekstra terhadap efek buruk blue light yang menyebabkan kulit menjadi kusamTersedia dalam ukuran:17 ml : Rp 29.00030 gr : Rp 45.000How to use:Aplikasikan pada wajah pada malam hari secara merataSuitable for:Semua jenis kulitIngredients:Aqua, Isononyl Isononanoate, Niacinamide, Polymethyl Methacrylate, Propylene Glycol, Cetyl Alcohol, Dimethicone, Glyceryl Stearate, Stearic Acid, Butylene Glycol, Phenoxyethanol, Polyacrylamide, PEG-100 Stearate, Cyclopentasiloxane, Polymethylsilsesquioxane, C13-14 Isoparaffin, Allantoin, Tocopheryl Acetate, Laureth-7, Disodium EDTA, Ethylhexylglycerin, Fragrance, Dimethicone/Vinyl Dimethicone Crosspolymer, Arbutin, Citric Acid, Sodium Sulfite, Acetyl Tyrosine, Saxifraga Sarmentosa Extract, Paeonia Suffruticosa Root Extract, Aminopropyl Ascorbyl Phosphate, Scutellaria Baicalensis Root Extract, Glutathione, Glycyrrhiza Glabra (Licorice) Root Extract."
https://reviews.femaledaily.com/products/face-2/bb-cc-cream/emina/beauty-blis-bb-cream,Beauty Bliss BB Cream,Emina,Rp. 32.000,3.6,"DESCRIPTION Emina Beauty Bliss BB Cream adalah produk multifungsi yang dapat digunakan sebagai pelembab, primer, antioksidan dan alas bedak yang memberikan banyak manfaat dalam satu olesan. Dilengkapi dengan Vitamin C, Vitamin E, dan SPF 32. Formulanya membuat kulit lebih halus dan bercahaya.How To Use:Aplikasikan pada wajah yang telah dibersihkan menggunakan jari tanganSuitable For:Semua jenis kulitIngredients:-"
https://reviews.femaledaily.com/products/treatment/peeling/npure/cica-clear-pad,Cica Clear Pad,NPURE,,4.9,"DESCRIPTION N’Pure Cica Clear Pad adalah kapas exfoliasi lembut yang mudah digunakan, yang berfungsi untuk membersihkan sel kulit mati secara efektif, mengatasi permasalahan kulit kusam, dan menjadikan kulitmu lebih lembut dan lebih cerah. Kandungan eksfoliasinya sangat mild dan diimbangi dengan kandungan-kandungan yang membantu untuk menenangkan kulit, sehingga aman untuk semua jenis kulit, bahkan kulit sensitif. How to use:Setelah membersihkan wajah, usapkan N’Pure Cica Clear Pad dengan lembut pada seluruh wajah dan leher dengan menghindari area mata. Tidak perlu dibilas. Lanjutkan dengan rutinitas skincare harian kamu. Suitable for:Semua jenis kulit Ingredients:Acetyl Glucosamine, Organic Centella Asiatica Leaf Water, Rosemary Leaf Oil, AHA - Glycolic Acid, Citric Acid, BHA - Organic Salix Alba (Willow) Bark Extract, PHA - Lactobionic Acid, Melia Azadirachta Flower Extract, Tocopherol (Vitamin E), Betaine, Caffeine, Panthenol, Allantoin."
https://reviews.femaledaily.com/products/treatment/peeling/somethinc/aha-bha-pha-peeling-solution,AHA BHA PHA Peeling Solution,Somethinc,Rp. 115.000,3.8,"DESCRIPTION Somethinc AHA BHA PHA Peeling Solution merupakan produk peeling yang diformulasikan untuk membersihkan pori-pori secara menyeluruh. Berfungsi untuk mengangkat sel-sel kulit mati, mencerahkan kulit, dan menjaga kelembapan kulit.How to Use:Aplikasikan pada seluruh wajah secara merataSuitable for:Kulit dengan pori-pori besarIngredients:aqua, glycerin, Niacinamide, Lactobionic acid , Salicylic Acid , Glycolic acid , Lactic Acid , Citric Acid , Hydroxyethylcellulose , Daucus Carota Leaf Extract , Hibiscus Sabdariffa extract , Triethanolamine , Panthenol , Sodium Hyaluronate , Phenoxyethanol ."
https://reviews.femaledaily.com/products/treatment/peeling/the-ordinary/aha-30-bha-2-peeling-solution,AHA 30% + BHA 2% Peeling Solution,The Ordinary,Rp. 208.000,4.1,"DESCRIPTION DECIEM The Ordinary AHA 30% + BHA 2% Peeling Solution merupakan peeling dengan komposisi utamanya yaitu AHA 30 % dan BHA 2 %. AHA (alpha hydroxyl acid) berfungsi untuk exfoliate lapisan kulit paling atas sehingga wajah terlihat lebih cerah, sedangkan BHA (beta hydroxyl acid) membantu untuk membersihkan pori-pori yang tersumbat. Selain itu, dilengkapi oleh Tasmanian Pepperberry yang dapat mengurangi iritasi karena penggunaan acid. Formulanya mengandung acid dengan konsentrasi tinggi, dianjurkan untuk dipakai oleh kalian yang sudah pernah menggunakan acid exfoliation sebelumnya dan tidak dianjurkan untuk kulit yang sensitif.How to Use:Aplikasikan pada wajah yang bersih dan dalam keadaan kering secara merata. Hindari area mata. Gunakan maksimal selama 10 menit. Setelah itu, bilas muka dengan air hingga bersih. Sebaiknya digunakan pada malam hari dan jangan digunakan lebih dari dua kali seminggu.Suitable for:-IngredientsGlycolic Acid, Aqua (Water), Aloe Barbadensis Leaf Water, Sodium Hydroxide, Daucus Carota Sativa Extract, Propanediol, Cocamidopropyl Dimethylamine, Salicylic Acid, Potassium Citrate, Lactic Acid, Tartaric Acid, Citric Acid, Panthenol, Sodium Hyaluronate Crosspolymer, Tasmannia Lanceolata Fruit/Leaf Extract, Glycerin, Pentylene Glycol, Xanthan gum, Polysorbate 20, Trisodium Ethylenediamine Disuccinate, Potassium Sorbate, Sodium Benzoate, Ethylhexylglycerin, 1,2-Hexanediol, Caprylyl Glycol."
https://reviews.femaledaily.com/products/treatment/peeling/azarine-cosmetic/miraclear-herbal-peeling-serum-2,Miraclear Herbal Peeling Serum,Azarine Cosmetic,Rp. 29.500,3.9,"DESCRIPTION Tekstur ringan yang mudah diserap kulit berfungsi untuk mengangkat sel kulit mati serta menyamarkan permasalahan kulit seperti bekas jerawat, kulit kusam, garis halus kulit dan pori-pori besar.Kandungan bahan-bahan herbal alaminya juga membantu menutrisi, melembabkan dan menghaluskan kulit agar tampak sehat dan kenyal. Produk ini di formulasikan bebas minyak.Cara Pakai :Oleskan pada wajah setelah mencuci muka. Gunakan 1x sehari setiap hari untuk membantu mengatasi permasalahan kulit, Lalu, tambahkan serum, cream dan masker."
https://reviews.femaledaily.com/products/treatment/peeling/whitelab/whitelab-peeling-serum-aha-bha-pha-1,Peeling Serum AHA BHA PHA,Whitelab,Rp. 75.000,4.9,"DESCRIPTION Whitelab Peeling SerumDengan kandungan utama AHA 5% + BHA 2% + PHA 2% + Niacinamide 2%AHA yang digunakan menggunakan AHA PREMIUM GRADE, yaitu MANDELIC ACID, bersifat less iritant / tidak mudah iritasi, sehingga produk ini aman digunakan untuk pemula & kulit sensitif.AHA dapat membantu memperbaiki tekstur kulit dan meratakan warna kulit. BHA bermanfaat untuk membersihkan pori dari debu, minyak berlebih, dan kotoran sehingga dapat merawat kulit yang berjerawat serta kulit akan tampak lebih bersih & cerah. PHA dapat membantu mencerahkan kulit yang kusam. Sedangkan Niacinamide dapat membantu mengontrol minyak berlebih sekaligus meningkatkan skin barrier. Oleh karena itu, Whitelab Peeling serum sangat cocok digunakan untuk membantu mengurangi masalah kulit kusam, kasar dan berjerawat.Manfaat :- Mencerahkan kulit dan meratakan warna kulit- Membersihkan sel kulit mati, kotoran, dan minyak hingga ke kulit terdalam- Membantu mengangkat komedo dan meminimalisir penampakan pori-pori.- Memperkuat skin barrier pada kulit wajah- Merawat kelembutan dan kehalusan kulit- Mempercepat regenerasi sel kulit sehingga dapat merawat elastisitas kulit wajah. Cara pakai : Teteskan Whitelab Peeling Serum ke wajah yang sudah bersih dan kering. Biarkan produk meresap selama maksimal 10 menit, lalu bilas dengan air. Gunakan pada malam hari, maksimal 2-3 kali seminggu. BPOMBarcode : 8997220241387"
https://reviews.femaledaily.com/products/treatment/peeling/laneige/laneige-clear-c-peeling-serum,Clear C Peeling Serum,Laneige,Rp. 300.000,4.2,"DESCRIPTION Laneige Clear C Peeling Serum adalah serum dengan tekstur gel untuk mengeksfoliasi lapisan sel-sel kulit mati dengan asam malat yang berasal dari tumbuhan dan enzim untuk kulit yang lebih halus dan lembab.How to use:Gunakan pagi dan malam. Pompa 2-3 kali dan oleskan pada wajah. Tepuk dengan lembut untuk meningkatkan penyerapan ke dalam kulit.Suitable for:-Ingredients:Aqua, Propanediol, Glycerin, Alcohol, Dimethicone, Achillea millefolium Extract, Trisiloxane, Orange Fruit Extract, Vaccinium myrtillus Fruit Extract, Lemon Fruit Extract, Sugar Cane Extract, Yeast Ferment Extract, Lactobacillus/Soybean Extract Ferment Filtrate, Lactobacillus Ferment, Acerola Fruit Extract, Euterpe oleracea Fruit Extract, Sugar Maple Extract, Trehalose, Cyclopentasiloxane, Butylene Glycol, Dimethiconol, Hydroxyethyl Acrylate/Sodium Acryloyldimethyl Taurate Copolymer, Sodium Lactate, Polysorbate 20, Xanthan Gum, Polyisobutene, Pentylene Glycol, Ethylhexylglycerin, Sorbitan Isostearate, 1,2-Hexanediol, Sodium Magnesium Silicate, Glutathione, Polyacrylate-13, PEG-60 Hydrogenated Castor Oil, Ammonium Acryloyldimethyltaurate/VP Copolymer, Disodium EDTA, Phenoxyethanol, Aromatics"
https://reviews.femaledaily.com/products/treatment/peeling/mustika-ratu/peeling-mundisari-71,Peeling Mundisari Tube,Mustika Ratu,Rp. 25.700,3.6,"DESCRIPTION Mustika Ratu Peeling Mundisari merupakan peeling yang terbuat dari Sari Daun Kemuning (Murrayae Folium) yang berguna untuk menipiskan noda hitam pada kulit wajah. Membuat kulit menjadi lebih bersih dan segar.How To Use :Aplikasikan krem peeling pada wajah, Ratakan ke seluruh wajah dan gosok perlahan dengan gerakan memutar atau horizontal sampai peeling berjatuhan. Peeling tidak dianjurkan untuk wajah yang berjerawat. Gunakan dua kali dalam seminggu.Suitable For :Kulit dengan noda hitam.Ingredients :Aqua, Propylene Glycol, Stearic Acid, Glyceryl Stearate, PEG-100 Stearate, Dimethicone, Dicalcium phosphate dihydrate, Sodium Lactate, Ethoxydiglycol, PEG-26 jojoba acid, PEG-26 jojoba alcohol, Butylene Glycol, PEG-40 Hydrogenated Castor Oil, Trideceth-9, Simmondsia Chinensis Seed Oil, Curcuma Heyneana Root Powder, Triethanol amine, Trigonella foenum-graecum, Murraya Exotica Leaf Extract, Acrylates/C10-30 alkyl acrylate crosspolymer, Methylparaben, Allantoin, Propylparaben, Parfum. Sodium sulfate, CI 19140, CI42090."
https://reviews.femaledaily.com/products/treatment/peeling/the-body-shop/drops-of-youth-liquid-peel-1,Drops Of Youth Liquid Peel,The Body Shop,Rp. 389.000,4.0,"DESCRIPTION The Body Shop Drops Of Youth Liquid Peel adalah eksfoliator dengan tekstur gel yang membantu mengikat dan meluruhkan sel-sel kulit mati, kotoran, dan residu polusi seperti debu. Diperkaya dengan 3 powerful plant stem cells, edekweiss, sea holly, dan criste marine untuk membantu membuat kulit terasa bersih, segar, halus, dan kenyal.How to use:Tuangkan 2 pump ke telapak tangan, pijatkan ke seluruh wajah selama 20 detik hingga produk berubah menjadi buliran. Gunakan kapas lembap untuk membersihkan sisanya. Gunakan 2-3 kali seminggu.Suitable for:-Ingredients:Aqua, Alcohol Denat., Propylene Glycol, Glycerin, Carbomer, PPG-26-Buteth-26, Palmitamidopropyltrimonium Chloride, PEG-40 Hydrogenated Castor Oil, Quaternium-80, Parfum, Behentrimonium Chloride, Linalool, Citronellol, Cetrimonium Chloride, Isopropyl Alcohol, Crithmum Maritimum Extract, Eryngium Maritimum Extract, Leontopodium Alpinum Callus Culture Extract, Sodium Hyaluronate, Citric Acid, Xanthan Gum."
https://reviews.femaledaily.com/products/treatment/peeling/envygreen/envygreen-dead-skin-cells-remover,Dead Skin Cell Remover,Envygreen,Rp. 56.000,4.3,"DESCRIPTION Envygreen Dead Skin Cell Remover merupakan peeling lotion bertekstur gentle yang mampu membersihkan kulit dari kotoran dan mengangkat sel-sel kulit mati.How to use:Oleskan Dead Skin Cell Remover ke kulit yang sudah dibersihkan dengan face cleanser, facial foam, toner, dan dalam keadaan lembab. Gosok ringan dengan arah memutar selama 1 menit. Setelah kotoran terangkat, bersihkan sisa product di wajah dan bilas dengan air bersih.Suitable for:Semua jenis kulitIngredients :Aqua, Glycerine, Acrylates Copolymer, Octyl Dedecanol, Tocoperyl Acetate, Prunus Amygdalus Dulcis (Sweet Almond) Oil, Hydroxyethyl Acrylate/Sodium Acryloyldimethyl Taurate Copolymer, Isohexadecane, Polysorbate 60, Methyl P-Hydroxybenzoate, Phenoxyethanol, Fragrance."
https://reviews.femaledaily.com/products/treatment/peeling/base/daily-renewal-natural-exfoliating-pads-1,Daily Renewal Natural Exfoliating Pads,BASE,Rp. 149.000,4.2,"DESCRIPTION BASE Daily Renewal Natural Exfoliating Pads merupakan exfoliating pads dengan asam alami dari Willow Bark dan Lemon Peel. Dikombinasikan dengan Teh Hijau untuk mengatasi jerawat dan sebum berlebih. Non-pengeringan dengan Panthenol yang menghidrasi. Membuat kulit Anda terlihat lebih cerah dan halus. Bebas alkohol.How to use:1. Gunakan exfoliating pads di malam hari pada wajah yang bersih.2. Gunakan sisi bertekstur, usap perlahan ke wajah dengan gerakan memutar.3. Hindari area mata dan mulut. Lanjutkan dengan sisa perawatan kulit Anda, tidak perlu dibilas.Suitable for:Kulit normal, Kulit berminyak, Kulit berjerawatIngredients:Water, Glycerin, Camellia Sinensis Leaf Extract, Butylene Glycol, Niacinamide, Salix Alba (Willow) Bark Extract, Methylpropanediol, Panthenol, 1,2-Hexanediol, Phenoxyethanol, PEG-60 Hydrogenated Castor Oil, Allantoin, Octyldodeceth-16, Sodium Citrate, Caprylyl Glycol, Citrus Limon (Lemon) Peel Oil, Citric Acid, Ethylhexylglycerin, Disodium EDTA, Xanthan Gum, Tocopherol."
https://reviews.femaledaily.com/products/treatment/peeling/elformula/intensive-peeling-solution,Intensive Peeling Solution,ELFormula,Rp. 138.000,4.2,"DESCRIPTION Elformula Peeling Solution merupakan chemical peeling untuk mengeksfoliasi kulit wajah dibandingkan dengan menggunakan chemical peeling biasa atau physical peeling seperti scrub yang bisa merusak skin barrier. Elformula Peeling solution diformulasikan dengan kandungan asam (AHA BHA PHA) yang rendah dan stabil serta menggunakan 7 kombinasi natural ingredient yang dipatenkan dalam BSASM sehingga cocok digunakan pada semua jenis kulit bahkan kulit sensitif sekalipun. How to use: Gunakan pada wajah yang sudah dibersihkan dan dikeringkan dengan sempurna. Ratakan dengan menggunakan jari, diamkan 30-60 detik lalu bilas dengan air bersih. Jangan digunakan lebih dari 60 detik dan pada wajah yang masih basah. Hindari penggunaan pada daerah mata, mulut, garis pinggir hidung, dan luka terbuka. Gunakan sunscreen dipagi hari. Suitable for: Semua jenis kulit. Ingredients: AHA (Glycolic acid) 8%, BHA (Salicylic Acid) 0,45%, PHA (Gluconolactone) 1%"
https://reviews.femaledaily.com/products/treatment/peeling/the-body-shop/drops-of-light-pure-resurfacing-liquid-peel-1,Drops Of Light Pure Resurfacing Liquid Peel,The Body Shop,Rp. 379.000,4.0,"DESCRIPTION DROPS OF LIGHT PURE RESURFACING LIQUID PEEL adalah gel exfolasi dengan inovasi teknologi gel-to-peel yang meluruhkan kotoran, sisa polusi dan sel-sel kulit mati sehingga kulit tampak lebih cerah sejak penggunaan pertama. Penggunaan berkelanjutan akan membantu membuat kulit terasa semakin halus.Usapkan secara merata dan pijat secara lembut pada kulit wajah dan leher yang kering hingga terbentuk serpihan sel-sel kulit mati dan kotoran. Bilas dengan air. Gunakan 2-3 kali seminggu. Hindari penggunaan di area mata. Jika terkena mata, segera bilas dengan air. Hentikan penggunaan jika terjadi iritasi. Jauhkan dari jangkauan anak-anak."
https://reviews.femaledaily.com/products/treatment/peeling/kravebeauty/kale-lalu-yaha-1,Kale-Lalu-yAHA,KraveBeauty,Rp. 423.000,4.5,"DESCRIPTION KraveBeauty Kale-Lalu-yAHA merupakan exfoliating toner yang dapat mengangkat sel-sel kulit mati sehingga membuat kulit wajah tampak lebih muda dan sehat. Dapat mengatasi warna kulit yang tidak merata, kerusakan kulit akibat sinar matahari, dan garis-garis halus pada wajah. Mengandung Glycolic Acid 5.25% yang dapat mengeksfoliasi kulit secara lembut, Kale, Spinach, Parsley yang kaya akan antioksidan, serta kombinasi dari Aloe, Hyaluronic acid, dan Vitamin B5 yang dapat melembapkan dan menenangkan kulit. How to Use:Usapkan ke seluruh wajah secara merata menggunakan kapas. Gunakan 2-3x dalam seminggu pada malam hari. Untuk kulit yang sensitif, dianjurkan untuk mencoba menggunakan 1x dahulu dalam seminggu. Suitable for:Semua jenis kulitIngredients:Aloe Barbadensis Leaf Water, Water, Butylene glycol, Brassica Oleracea Acephala Leaf (Kale) Extract, Glycolic acid, 1,2-Hexanediol, Potassium Hydroxide, Glycerin, Spinacia Oleracea (Spinach) Leaf Extract, Carum Petroselinum (Parsley) Extract, Chlorella Minutissima Extract, Malus Domestica Fruit (Green apple) Extract, Panthenol (Vitamin B5), Betaine Salicylate, Sodium Hyaluronate, Allantoin, Pseudozyma Epicola/Camellia Sinensis Seed Oil/Glucose/Yeast Extract Ferment Filtrate, Dipotassium Glycyrrhizate, Bacillus/Folic acid/Soybean ferment extract, Coptis Japonica Root Extract, Malachite Extract, Polysorbate80, Disodium EDTA"
https://reviews.femaledaily.com/products/treatment/peeling/somethinc/somethinc-aha-7-bha-1-pha-3-weekly-peeling-solution,"AHA 7%, BHA 1%, PHA 3% Weekly Peeling Solution",Somethinc,,4.1,"DESCRIPTION Singkirkan Pori-pori Tersumbat Selamanya!Pilihan % dosis yang lebih kuat untuk kamu yang terbiasa dengan bahan aktif AHA BHA PHA, mengandung Mugwort & Calendula untuk meningkatkan rutinitas eksfoliasi kulitmu! Membantu membersihkan pori-pori yang tersumbat, mengangkat sel kulit mati, menyamarkan bekas jerawat, membantu mencerahkan kulit & menjaga kelembaban kulit!QUICK FACT:- Ramah bagi Vegan- Ramah untuk Fungal Acne- Teruji secara Dermatologis- Ramah untuk Ibu Hamil & Remaja"
https://reviews.femaledaily.com/products/treatment/peeling/mustika-ratu/mustika-ratu-peeling-mundisari-15g,Peeling Mundisari Bubuk,Mustika Ratu,Rp. 9.300,3.9,"DESCRIPTION Mustika Ratu Peeling Mundisari merupakan peeling yang terbuat dari Sari Daun Kemuning (Murrayae Folium) yang berguna untuk menipiskan noda hitam pada kulit wajah. Membuat kulit menjadi lebih bersih dan segar.How To Use :Campurkan peeling dengan air sari mawar putih secukupnya. Ratakan ke seluruh wajah lalu biarkan hingga setengah mengering dan gosok perlahan dengan gerakan memutar atau horizontal sampai peeling berjatuhan. Peeling tidak dianjurkan untuk wajah yang berjerawat. Gunakan dua kali dalam seminggu.Suitable For :Kulit dengan noda hitam.Ingredients :Aqua, Propylene Glycol, Stearic Acid, Glyceryl Stearate, PEG-100 Stearate, Dimethicone, Dicalcium phosphate dihydrate, Sodium Lactate, Ethoxydiglycol, PEG-26 jojoba acid, PEG-26 jojoba alcohol, Butylene Glycol, PEG-40 Hydrogenated Castor Oil, Trideceth-9, Simmondsia Chinensis Seed Oil, Curcuma Heyneana Root Powder, Triethanol amine, Trigonella foenum-graecum, Murraya Exotica Leaf Extract, Acrylates/C10-30 alkyl acrylate crosspolymer, Methylparaben, Allantoin, Propylparaben, Parfum. Sodium sulfate, CI 19140, CI42090."
https://reviews.femaledaily.com/products/treatment/peeling/kasmaran-beauty/triple-acid-with-skinperf-peeling-solution-1,Triple Acid with Skinperf Peeling Solution,Kasmaran Beauty,Rp. 129.000,4.1,"DESCRIPTION KASMARAN Triple Acid with Skinperf Peeling Solution merupakan chemical exfoliator dengan teknologi yang dipatenkan Skinperf LWG yang bekerja secara efektif dan lembut. Bekerja jauh ke dalam lapisan kulit untuk membersihkan pori-pori yang tersumbat, meringankan hiperpigmentasi dan mengangkat sel-sel kulit mati.How to use:Mulailah dengan membersihkan wajah Anda dan menepuknya hingga kering. Oleskan 10 tetes secara merata ke seluruh wajah dan leher (2 tetes per area wajah) Diamkan selama 10 menit. Bilas dengan air tanpa pembersih wajah dan oleskan pelembab. Gunakan 1-2 kali seminggu di malam hariSuitable for:Semua jenis kulitIngredients:Aqua, Glycerin, Lactic Acid, Butylene Glycol, Aminomethyl Propanol, Ethoxydiglycol, Gluconolactone, Polysorbate-20, Acacia senegal gum, Salicylic Acid, PEG-7 Glyceryl Cocoate, Xantan Gum, Glycolic Acid, Propylene Glycol, Chlorphenesin, Clitoria Ternatea Flower Extract , Allantoin, Benzotriazolyl Dodecyl P-Cresol, Methylamino Methyl Propanol, Disodium EDTA, Citric Acid, Sodium Magnesium Silicate, Maltodextrin, Calcium Pantothenate, Caprylyl Glycol, Urea, Magnesium Lactate, Papain, Ethylhexylglycerin, Pottasium Lactate, Potassium Sorbate, Sodium, Benzoate, Alanine, Magnesium Chloride, Proline, Serine, Sodium Citrate, CI 17200, CI 42090."
https://reviews.femaledaily.com/products/treatment/peeling/skintific/5-aha-bha-pha-exfoliating-toner,5% AHA BHA PHA Exfoliating Toner,Skintific,,4.1,"DESCRIPTION 5% AHA BHA PHA Exfoliating Toner Kulit bersih dan tampak lebih bersinar dengan Skintific 5% AHA BHA PHA Exfoliating toner. Perpaduan acid yang baik untuk kulit dan Kompleks Probiotik, bekerja sama untuk menghilangkan kotoran, sebum dan sel kulit mati, juga memperbaiki tekstur kulit kasar, dan kulit yang kusam. Kompleks Probiotik juga menyeimbangkan mikrobioma kulit, memperkuat barrier kulit, mengatasi dan mencegah jerawat & beruntusan untuk kulit yang tampak lebih glowing & cerah. Bahan ini juga digunakan oleh SKII Facial Treatment Essence dan disebut sebagai “PITERA” oleh SKII, terbukti secara ilmiah bahan yang efektif untuk membuat kulit lebih sehat dan kuat. Ukuran: 80 ml Manfaat: 1) Meredakan beruntusan & jerawat dengan cepat,2) Membersihkan pori-pori & mengangkat sel kulit mati, membuat kulit lebih halus,3) Menghilangkan blackhead dan whitehead,4) Memperbarui sel-sel kulit dan mengurangi garis halus,5) Mengembalikan fungsi alami kulit, dan membuat kulit lebih cerah.Hero Ingredients: 1). 2% AHA, 2%BHA, 1% PHA:•AHA: efektif mengangkat sel kulit mati di permukaan kulit, meningkatkan produksi Collagen dan regenerasi kulit, serta membantu masalah jerawat dan bruntusan•BHA: membersihkan pori- pori secara mendalam dari sebum untuk mencegah jerawat, memiliki sifat anti-inflamasi dan menenangkan wajah•PHA: exfoliator yang aman untuk kulit sensitif, dapat membantu eksfoliasi layer paling luar membuat kulit lebih halus dan mencegah penuaan dini✓Dikombinasikan bersama, exfoliating toner ini baik untuk membuat kulit lebih cerah, kenyal, dan halus 2) Kompleks Probiotik:Juga dikenal sebagai Galactomyces Ferment Filtrate (GFF), berasal dari ragi dan merupakan sumber peptida, protein, dan asam amino. Meningkatkan produksi allantoin untuk menenangkan, melembabkan dan melindungi kulit dari bahaya radikal bebas. Kulit menjadi lebih sehat, bercahaya, dan mengembalikan fungsi alami kulit.3). Niacinamide: Memiliki sifat anti-inflamasi dan oil control, kandungan Niacinamide membantu mengatasi masalah produksi minyak berlebih dan jerawat tanpa membuat kulit iritasi. Cara pemakaian: 1) Gunakan 2-3 kali/minggu, jika kamu baru menggunakan toner eksfoliasi. Disarankan menggunakan kapas.2) Gunakan tabir surya jika menggunakan toner eksfoliasi di siang hari.3) Tingkatkan frekuensi penggunaan sehari-hari, ketika sudah terbiasa dengan toner eksfoliasi.Ingredients: AQUA, BUTYLENE GLYCOL, GALACTOMYCES FERMENT FILTRATE, NIACINAMIDE, PROPYLENE GLYCOL, GLYCOLIC ACID, 1,2-HEXANEDIOL, HYDROXYETHYLPIPERAZINE ETHANE SULFONIC ACID, LACTIC ACID, SALICYLIC ACID, PHENOXYETHANOL, PEG-60 ALMOND GLYCERIDES, CAPRYLYL GLYCOL, GENTIANA SCABRA ROOT EXTRACT, GLYCERIN, PEG-40 HYDROGENATED CASTOR OIL, SODIUM LACTATE, O-CYMEN-5-OL, CERAMIDE AP, CERAMIDE NP, POLYACRYLATE CROSSPOLYMER-6, ETHYLHEXYLGLYCERIN, CERAMIDE NS, MENTHOL, HEXYL CINNAMAL, CITRIC ACID, CARBOMER, T-BUTYL ALCOHOL, NORDIHYDROGUAIARETIC ACID, OLEANOLIC ACID."
https://reviews.femaledaily.com/products/treatment/peeling/everose/invisipeel-soft-peel-essential-series,Invisipeel Soft Peel Essential Series,Everose,Rp. 66.000,4.2,"DESCRIPTION Everose Invisipeel Soft Peel Essential Series memiliki kandungan ekstrak nanas dan ekstrak pepaya yang bekerja secara sinergis untuk merangsang pertumbuhan sel kulit baru sehingga mempermudah masuknya nutrisi pada kulit. Ekstrak pepaya dipilih sebagai bahan utama karena memiliki banyak kandungan yang memberikan manfaat baik bagi kulit wajah. Dalam 1 buah pepaya terdapat vitamin C, vitamin A, vitamin E, Enzim proteolitik, dan antioksidan sehingga mampu memberikan banyak manfaat sekaligus, dari mencerahkan, melembabkan, mengurangi peradangan kulit, hingga menyamarkan garis-garis halus. Ekstrak nanas yang dipakai diambil dari jenis varietas Nanas Fuji mengandung enzim Bromelain dan AHA yang menyempurnakan proses eksfoliasi pada kulit secara lembut. Dengan gel yang lembut, Everose Invisipeel Soft Peel Essential Series mampu mengangkat komedo dan sel kulit mati dengan halus sehingga meminimalisir terjadinya iritasi.How to use:1. Ambil sedikit Everose Invisipeel Soft Peel dan oleskan perlahan pada wajah2. Tunggu selama 30 detik, lalu pijat halus dengan menggunakan kedua jari telunjuk sampai kotoran di wajah ikut terangkat3. Bersihkan sisa kotoran dengan menggunakan tisyu dan lap basah4. Gunakan Everose Invisipeel Soft Peel 2 kali seminggu secara rutin untuk dapatkan hasil yang maksimalSuitable for:Semua jenis kulitIngredients:-"
https://reviews.femaledaily.com/products/treatment/peeling/rahasia-beauty/your-toner-essence-pad-2,Your Toner-Essence Pad,Rahasia Beauty,Rp. 159.000,4.2,"DESCRIPTION Rahasia Beauty Your Toner-Essence Pad merupakan kapas eksfoliasi yang sudah memiliki kandungan toner di dalamnya. Berfungsi untuk mengangkat sel kulit mati tanpa menyebabkan iritasi karena kandungan acid yang sangat rendah. Selain untuk eksfoliasi, Your Toner-Essence Pad juga berfungsi untuk mencerahkan dan menenangkan kulit wajah.How to use:Ambil lembaran kapas menggunakan alat capit yang telah tersedia. Usapkan Your Toner-Essence Pad ke wajah yang sudah dibersihkan. (Hindari penggunaan di area mata). Tidak perlu dibilas.Suitable for:Semua jenis kulitIngredients:Niacinamide, Centella Asiatica, Acetyl Glucosamine, Allantoin, Caffeine, Chamomile Flower Extract"
https://reviews.femaledaily.com/products/treatment/peeling/mustika-ratu/peeling-kulit-kerang,Peeling Kulit Kerang,Mustika Ratu,Rp. 9.200,3.9,"DESCRIPTION Mustika Ratu Peeling Kulit Kerang merupakan peeling yang diproses dari kulit kerang yang mengandung kalsium & phospor yang dapat menjadikan kulit tampak lembut, halus dan cerah. Berfungsi menipiskan sel kulit ari yang sudah tidak berguna lagi, sehingga kulit wajah menjadi lebih cerah, segar dan halus.How To Use :Campurkan bubuk peeling dengan air sari mawar putih secukupnya. Ratakan ke seluruh wajah, biarkan setengah kering, lalu gosok perlahan dengan gerakan memutar atau horizontal sampai peeling berjatuhan. Gunakan dua kali seminggu. Tidak dianjurkan untuk wajah berjerawat.Suitable For :Semua jenis kulit kecuali kulit berjerawat.Ingredients :Kaolin, Oriza sativa (rice) Starch, Murayya exotica leaf Extract, Aqua, Propylene Glycol, Oyster Shell Extract, Maris Limus (Sea Slit) Extract, Trigonella Foenum Graecum (Fenugreek) Extract, Methylparaben, Cl 77891, Cl 77492, Cl 77499, Cl 77491."
